{
    "initial_value": 15915.5,
    "target_value": 27300,
    "use_target_value": true,
    "portfolio": [
        {
            "ticker": "BTC-USD",
            "leverage": 4.7,
            "weight": 53.04
        },
        {
            "ticker": "SOL-USD",
            "leverage": 3.2,
            "weight": 46.96
        }
    ],
    "portfolio_metrics": {
        "annualized_return": 0.5586886375664756,
        "downside_volatility": 0.30492208126882414,
        "sortino_ratio": 0.11541989983986005,
        "var_95": 1097.2968306035432,
        "cvar_95": 1676.0349752162335,
        "var_99": 1984.5491449249305,
        "cvar_99": 2703.596042868719
    },
    "asset_metrics": [
        {
            "ticker": "BTC-USD",
            "weight": 0.5390472258140153,
            "annualized_return": 0.5188742611641144,
            "downside_volatility": 0.43201655894088725,
            "sortino_ratio": 1.2010517893947483,
            "var": 5.579095174048332,
            "cvar": 8.409310504636272
        },
        {
            "ticker": "SOL-USD",
            "weight": 0.46095277418598485,
            "annualized_return": 0.6052483511620993,
            "downside_volatility": 0.6578962967874249,
            "sortino_ratio": 0.9199753123973932,
            "var": 6.224939350828141,
            "cvar": 10.13748792555092
        }
    ]
}