{
    "portfolio_metrics": {
        "annualized_return": 0.09923459044907079,
        "downside_volatility": 0.1060867974032115,
        "sortino_ratio": 0.058925255233557315,
        "var_95": 263.94083218052145,
        "cvar_95": 390.5512841950677,
        "var_99": 461.5368594620015,
        "cvar_99": 611.2431259653249
    },
    "asset_metrics": [
        {
            "ticker": "SPY",
            "weight": 0.61739526979105,
            "annualized_return": 0.11629151181726662,
            "downside_volatility": 0.14566728179167193,
            "sortino_ratio": 0.7983365268226981,
            "var": -0.018092948123289657,
            "cvar": -0.027916153426953687,
            "initial_value": 1173.8362749952,
            "leveraged_value": 8803.772062464,
            "position_size": 15.047897181700968,
            "allocation": 48
        },
        {
            "ticker": "QQQ",
            "weight": 0.38260473020895003,
            "annualized_return": 0.13110322241595512,
            "downside_volatility": 0.2051076548833979,
            "sortino_ratio": 0.6391922451187221,
            "var": -0.02740653380914326,
            "cvar": -0.040730085127328584,
            "initial_value": 1271.6559645781335,
            "leveraged_value": 9537.419734336001,
            "position_size": 19.06454503325274,
            "allocation": 52
        }
    ],
    "position_sizing_config": {
        "use_ema": false,
        "ema_period": 35,
        "var_confidence_levels": [
            0.95,
            0.99
        ]
    },
    "total_leveraged_value": 18341.1917968,
    "initial_value": 14221,
    "target_value": 18341.1917968,
    "use_target_value": true,
    "portfolio": [
        {
            "ticker": "SPY",
            "leverage": 7.5,
            "weight": 48
        },
        {
            "ticker": "QQQ",
            "leverage": 7.5,
            "weight": 52
        }
    ]
}