{
    "portfolio_metrics": {
        "annualized_return": 0.11327935345110439,
        "downside_volatility": 0.10603032030802684,
        "sortino_ratio": 0.06730082962054296,
        "var_95": 185.84296818857118,
        "cvar_95": 275.37879496786786,
        "var_99": 323.0359969598649,
        "cvar_99": 434.7897656642139
    },
    "asset_metrics": [
        {
            "ticker": "SPY",
            "weight": 0.644715327743455,
            "annualized_return": 0.11680281128203608,
            "downside_volatility": 0.14567271696953393,
            "sortino_ratio": 0.8018166593711867,
            "var": -0.018094003281564623,
            "cvar": -0.027916146464075024,
            "initial_value": 865.8666666666667,
            "leveraged_value": 6494.0,
            "position_size": 10.928244659937297,
            "allocation": 50
        },
        {
            "ticker": "QQQ",
            "weight": 0.35528467225654503,
            "annualized_return": 0.13212173337174452,
            "downside_volatility": 0.20509208200022067,
            "sortino_ratio": 0.6442068951818548,
            "var": -0.02736054610599867,
            "cvar": -0.04072900820383183,
            "initial_value": 865.8666666666667,
            "leveraged_value": 6494.0,
            "position_size": 12.65097776697084,
            "allocation": 50
        }
    ],
    "position_sizing_config": {
        "use_ema": false,
        "ema_period": 35,
        "var_confidence_levels": [
            0.95,
            0.99
        ]
    },
    "total_leveraged_value": 12988.0,
    "initial_value": 14221,
    "target_value": 12988,
    "use_target_value": true,
    "portfolio": [
        {
            "ticker": "SPY",
            "leverage": 7.5,
            "weight": 50
        },
        {
            "ticker": "QQQ",
            "leverage": 7.5,
            "weight": 50
        }
    ]
}