Metric,GBM,Geometric Brownian Motion
Final Price Mean,995.0674233439339,1006.5120510774988
Final Price Std Dev,666.9668060454629,700.4362765034308
VaR (95%),-5.38084432971183,-5.584096924854825
