{
  "Start": 0,
  "End": 3959,
  "Period": "3960 days 00:00:00",
  "Start Value": 1000.0,
  "End Value": 446046.6255038097,
  "Total Return [%]": 44504.66255038097,
  "Benchmark Return [%]": 25689.966462521876,
  "Max Gross Exposure [%]": 100.0,
  "Total Fees Paid": 5507.628477735582,
  "Max Drawdown [%]": 67.2903985007709,
  "Max Drawdown Duration": "790 days 00:00:00",
  "Total Trades": 27,
  "Total Closed Trades": 26,
  "Total Open Trades": 1,
  "Open Trade PnL": 90416.81103406125,
  "Win Rate [%]": 50.0,
  "Best Trade [%]": 339.56790519693413,
  "Worst Trade [%]": -22.654612016444734,
  "Avg Winning Trade [%]": 99.18645780471705,
  "Avg Losing Trade [%]": -12.15864054157775,
  "Avg Winning Trade Duration": "145 days 14:46:09.230769230",
  "Avg Losing Trade Duration": "24 days 20:18:27.692307692",
  "Profit Factor": 2.9410310453619677,
  "Expectancy": 13639.60824883648,
  "Sharpe Ratio": 1.3471537276511607,
  "Calmar Ratio": 1.1215270295388327,
  "Omega Ratio": 1.3225736596194417,
  "Sortino Ratio": 2.0670660019348897
}
