{
  "Start": 0,
  "End": 11239,
  "Period": "11240 days 00:00:00",
  "Start Value": 1000.0,
  "End Value": 248072.98205116385,
  "Total Return [%]": 24707.298205116385,
  "Benchmark Return [%]": 164437.0433218994,
  "Max Gross Exposure [%]": 100.0,
  "Total Fees Paid": 9159.484574097707,
  "Max Drawdown [%]": 81.45083899439808,
  "Max Drawdown Duration": "3148 days 00:00:00",
  "Total Trades": 103,
  "Total Closed Trades": 102,
  "Total Open Trades": 1,
  "Open Trade PnL": -201.0459181664046,
  "Win Rate [%]": 42.15686274509804,
  "Best Trade [%]": 219.92045243652703,
  "Worst Trade [%]": -55.79561184976015,
  "Avg Winning Trade [%]": 36.33541809617576,
  "Avg Losing Trade [%]": -8.683992900849988,
  "Avg Winning Trade Duration": "129 days 02:47:26.511627908",
  "Avg Losing Trade Duration": "23 days 15:27:27.457627118",
  "Profit Factor": 2.797220284131993,
  "Expectancy": 2424.255176169905,
  "Sharpe Ratio": 0.6614070444975004,
  "Calmar Ratio": 0.24073312689189244,
  "Omega Ratio": 1.137929036092014,
  "Sortino Ratio": 0.9609070498675091
}
