{
    "initial_value": 14000,
    "target_value": 6922.31226052,
    "use_target_value": true,
    "portfolio": [
        {
            "ticker": "TRX-USD",
            "leverage": 2.8,
            "weight": 37.9892471049979
        },
        {
            "ticker": "XMR-USD",
            "leverage": 1.7,
            "weight": 20.670250965000704
        },
        {
            "ticker": "LTC-USD",
            "leverage": 2.2,
            "weight": 41.340501930001395
        }
    ]
}