Fast_Period,Slow_Period,Stability_Score,Parameter_Robustness,Regime_Consistency,Is_Stable,Base_Sharpe,Mean_Sharpe,Sharpe_CI_Lower,Sharpe_CI_Upper,Simulations_Count
10,30,0.6611619118696076,1.0,1.0,0,1.7866014443828753,1.4414205165356913,0.7287660061248411,2.160658113735297,50
10,40,0.6632333457802637,1.0,1.0,0,1.6971219601824563,1.401679896442113,0.7627431884826346,2.0196647334711924,50
15,30,0.6497751539724892,1.0,1.0,0,1.6186608782142589,1.4188227618590843,0.6843618524876618,2.030784867097556,50
15,40,0.6549251085445119,1.0,1.0,0,1.7535724238583084,1.390384041415273,0.7273547181569178,1.9873849713936247,50
